{"root":[{"assemblyName":"Coffee.UIEffect","nameSpace":"Coffee.UIEffectInternal","className":"UIExtraCallbacks","methodName":"InitializeOnLoad","loadTypes":1,"isUnityClass":false},{"assemblyName":"Coffee.UIEffect","nameSpace":"Coffee.UIEffects","className":"UIEffectBase","methodName":"InitializeOnLoad","loadTypes":1,"isUnityClass":false},{"assemblyName":"Unity.VisualScripting.Core","nameSpace":"Unity.VisualScripting","className":"RuntimeVSUsageUtility","methodName":"RuntimeInitializeOnLoadBeforeSceneLoad","loadTypes":1,"isUnityClass":true}]}
